teams	1
651	302109	312542	D2 Logic Bombers	D2 Logic Bombers (BYU Hawaii)	BYU Hawaii	USA
652	302110	312542	D2 BrAts	D2 BrAts (BYU Hawaii)	BYU Hawaii	USA
653	302111	312542	D2 KORding	D2 KORding (BYU Hawaii)	BYU Hawaii	USA
654	302112	312542	D2 MFM	D2 MFM (BYU Hawaii)	BYU Hawaii	USA
655	305364	312542	D2 0000FF	D2 0000FF (HPU)	HPU	USA
656	305376	312542	D2 FF0000	D2 FF0000 (HPU)	HPU	USA
657	305688	312542	D2 Cope With It	D2 Cope With It (BYU Hawaii)	BYU Hawaii	USA
658	307572	312542	D2 - Follow Your Heart	D2 - Follow Your Heart (UH-Hilo)	UH-Hilo	USA
659	309496	312542	D2 FFFFFF	D2 FFFFFF (HPU)	HPU	USA
151	309101	312543	D2 Eagle White	D2 Eagle White (EWU)	EWU	USA
152	309102	312543	D2 Screaming Eagles	D2 Screaming Eagles (EWU)	EWU	USA
153	309103	312543	D2 The Eagle Has Landed	D2 The Eagle Has Landed (EWU)	EWU	USA
154	309104	312543	D2 Eagle > Drone	D2 Eagle > Drone (EWU)	EWU	USA
155	309536	312543	D2 Reagle Eagles	D2 Reagle Eagles (EWU)	EWU	USA
156	309554	312543	D2 We got Class	D2 We got Class (Gonzaga U.)	Gonzaga U.	USA
157	309745	312543	D2 3AGL3S	D2 3AGL3S (EWU)	EWU	USA
158	309806	312543	D2-Vandal Silver	D2-Vandal Silver (U of I)	U of I	USA
159	309807	312543	D2-Vandal Black	D2-Vandal Black (U of I)	U of I	USA
251	305999	312544	D2 MSDMSMPMCRAPAFRRFTC	D2 MSDMSMPMCRAPAFRRFTC (George Fox)	George Fox	USA
252	306000	312544	D2 The Front Row	D2 The Front Row (George Fox)	George Fox	USA
253	306002	312544	D2 Byte Our Dust	D2 Byte Our Dust (George Fox)	George Fox	USA
254	306004	312544	D2 Classy Foos	D2 Classy Foos (George Fox)	George Fox	USA
255	307186	312544	D2-UO-placeholder-name	D2-UO-placeholder-name (U of Oregon)	U of Oregon	USA
256	308732	312544	D2 Linfield 1	D2 Linfield 1 (Linfield)	Linfield	USA
257	308740	312544	D2 Linfield 3	D2 Linfield 3 (Linfield)	Linfield	USA
258	308741	312544	D2 Linfield 2	D2 Linfield 2 (Linfield)	Linfield	USA
259	308742	312544	D2 Linfield 4	D2 Linfield 4 (Linfield)	Linfield	USA
260	308928	312544	D2 Linfield 5	D2 Linfield 5 (Linfield)	Linfield	USA
261	309454	312544	D2 - Alpha Omega	D2 - Alpha Omega (PacificU)	PacificU	USA
262	309455	312544	D2 - OperationGCC	D2 - OperationGCC (PacificU)	PacificU	USA
263	309456	312544	D2 - Abstract Cats	D2 - Abstract Cats (PacificU)	PacificU	USA
264	309457	312544	D2 - Score++	D2 - Score++ (PacificU)	PacificU	USA
265	309458	312544	D2 - Panic--	D2 - Panic-- (PacificU)	PacificU	USA
266	309459	312544	D2 - Pacific Coders	D2 - Pacific Coders (PacificU)	PacificU	USA
267	309519	312544	D2 Algogriffins 2	D2 Algogriffins 2 (Reed)	Reed	USA
268	309563	312544	D2 4e6f204e616d65	D2 4e6f204e616d65 (UP)	UP	USA
269	309564	312544	D2 UP-TOWN FUNK	D2 UP-TOWN FUNK (UP)	UP	USA
270	309565	312544	D2 UP in the Air	D2 UP in the Air (UP)	UP	USA
271	309573	312544	D2 LC	D2 LC (Lewis & Clark)	Lewis & Clark	USA
274	309818	312544	D2-Beaver Orange	D2-Beaver Orange (OSU)	OSU	USA
272	309819	312544	D2-Beaver Black	D2-Beaver Black (OSU)	OSU	USA
273	309820	312544	D2-Team Sinisa	D2-Team Sinisa (OSU)	OSU	USA
551	306520	312545	D2 UNBC Stacked	D2 UNBC Stacked (University of Northern British Columbia )		CAN
552	306521	312545	D2 UNBC Forked	D2 UNBC Forked (University of Northern British Columbia )		CAN
553	307785	312545	D2 SwagOutOfBoundsException	D2 SwagOutOfBoundsException (UBCO)	UBCO	CAN
554	307786	312545	D2 ConjoinedTrianglesOfSuccess	D2 ConjoinedTrianglesOfSuccess (UBCO)	UBCO	CAN
555	308593	312545	D2 UVic Cyan	D2 UVic Cyan (University of Victoria)		CAN
556	308594	312545	D2 UVic Maroon	D2 UVic Maroon (University of Victoria)		CAN
557	308955	312545	D2 SFU Cardinal	D2 SFU Cardinal (SFU)	SFU	CAN
558	308956	312545	D2 SFU Ivory	D2 SFU Ivory (SFU)	SFU	CAN
559	309175	312545	D2COSCOC3	D2COSCOC3 (OC)	OC	CAN
560	309411	312545	D2 UBC^	D2 UBC^ (U British Columbia)	U British Columbia	CAN
561	309412	312545	D2 UBC&	D2 UBC& (U British Columbia)	U British Columbia	CAN
562	309413	312545	D2 UBC%	D2 UBC% (U British Columbia)	U British Columbia	CAN
563	309414	312545	D2 UBC@	D2 UBC@ (U British Columbia)	U British Columbia	CAN
351	308431	312546	D2 Cup Of Java	D2 Cup Of Java (PLU)	PLU	USA
352	308432	312546	D2 Swag Fault	D2 Swag Fault (PLU)	PLU	USA
353	308433	312546	D2 Lute-CCA	D2 Lute-CCA (PLU)	PLU	USA
354	308434	312546	D2 MLG_Programmers	D2 MLG_Programmers (PLU)	PLU	USA
355	308435	312546	D2 Lute++	D2 Lute++ (PLU)	PLU	USA
356	309298	312546	D2 UWT Gold Two	D2 UWT Gold Two (UW Tacoma)	UW Tacoma	USA
357	309449	312546	D2 WWU Beta	D2 WWU Beta (WWU)	WWU	USA
358	309606	312546	D2 Hack&&Code	D2 Hack&&Code (University of Puget Sound)	University of Puget Sound	USA
359	309607	312546	D2 //TODO: Team Name	D2 //TODO: Team Name (University of Puget Sound)	University of Puget Sound	USA
360	309608	312546	D2 Turtle Hermits	D2 Turtle Hermits (University of Puget Sound)	University of Puget Sound	USA
361	309609	312546	D2 Hack Hack Chop Chop	D2 Hack Hack Chop Chop (University of Puget Sound)	University of Puget Sound	USA
451	307818	312547	D2:Davis Blue	D2:Davis Blue (UC Davis)	UC Davis	USA
452	309601	312547	D2Tigers	D2Tigers (UOP)	UOP	USA
453	309700	312547	D2 Ursi	D2 Ursi (UC Berkeley)	UC Berkeley	USA
454	309832	312547	D2Tigers2	D2Tigers2 (UOP)	UOP	USA
455	309939	312547	D2 #breakitdown	D2 #breakitdown (Minerva Schools at KGI)	Minerva Schools at KGI	USA
456	309941	312547	D2 #rightproblem	D2 #rightproblem (Minerva Schools at KGI)	Minerva Schools at KGI	USA
